method,mean_similarity,random_baseline,recommendation_lift
personal_only,0.9343298128509622,0.8383424083486685,0.0959874045022937
cluster_only,0.9066597235049214,0.8383424083486685,0.06831731515625294
collaborative_only,0.888083606723427,0.8383424083486685,0.049741198374758544
hybrid,0.9309990199099369,0.8383424083486685,0.09265661156126848
