soft_cluster,budget,available_time,weather_badness,social_context,fatigue,spontaneity,selected_indoor_score,selected_cost_level,selected_photo_value,selected_nature_value,selected_culture_value,selected_food_value,selected_popularity
0,-0.4850086039130152,-0.04552894418560391,-0.02070985652283325,0.06694500977092346,0.0795213191520894,-0.12426699222715237,0.15706155856122841,-0.15607048332078002,0.09472575027533241,-0.4748743794579822,0.13398721083626167,0.06476345000902996,0.2411376428300392
1,0.0894059186675748,0.008467390202333579,-0.7660520207262627,-0.04427698426861464,0.0070724740737588875,-0.004287912229734513,-0.1202411145470048,0.25175646051620537,-0.3717221146494451,-0.09212366907261994,0.009216202674270979,0.01944168473697363,-0.4790245579723138
2,6.598862241733671,0.0870062536753118,-0.0840606621947904,-0.025263545131012654,-0.07479769991213049,0.02717231626866431,-0.2513397178012221,0.11850046387836854,-0.6230605050950845,0.1424238272995136,-0.44869764193251443,-0.2248389659492803,-0.5718121745859422
3,-0.4374072056225242,0.10116332505427553,-0.16874834075996223,-0.2398114122013709,-0.12509810857848075,0.08765823037387904,-0.1962481185139076,-0.25910264058313803,-0.3894387595327222,1.1203281440503263,-0.18856313637501226,-0.08219653797772883,-0.4133906054591453
4,-0.11551093343495794,-0.05653818650101095,-0.009605295207052472,0.33933480807789285,0.056994750884258635,0.025260442515102916,0.013785134957335332,0.05463720011992717,0.2295411158440369,-0.13961718041360785,0.13915456586801475,0.009095307054542218,1.4372491129117508
5,1.48200831740224,-0.022361167130278244,0.19519740363723462,-0.02040686756960885,-0.0028105477975108603,-0.05056996105405746,-0.166644047783296,0.34169150908187795,-0.14382056861592318,-0.010556802743457454,-0.2565121325454992,-0.21572694852135335,-0.3068602890741284
6,0.15580418739401575,0.006575246063065693,1.1488829514387526,-0.07852606523476519,0.006363414350712143,0.05766016124388959,0.13814414259164057,0.06720890411405318,-0.23862959048453203,-0.127543671119188,-0.08313759320957703,0.09266814873315275,-0.24367304372035692
7,-0.056837588751167234,-0.013176786855375908,0.018273930616193583,0.10977306146128205,-0.07633165911951117,0.11714794027551077,0.04677777004560302,-0.027815320309023166,1.4210823359616476,-0.051703598834340975,0.13547385852384272,-0.06642609136871229,0.23456342182290527
